Metric,Value
MAE,220.86842098391546
RMSE,320.54280420232715
MAPE,0.11266680628411102
Data Points,540.0
Forecast Points,365.0
